,Description,Image_url
0,Linen suit trousers Slim FitModel,"http://lp2.hm.com/hmgoepprod?set=source[/86/10/86105d68918f929bbb7df257fa5317edcecbbedb.jpg],origin[dam],category[men_blazerssuits_trousers],type[LOOKBOOK],res[m],hmver[1]&call=url[file:/product/style]"
1,Linen suit trousers Slim FitModel,"http://lp2.hm.com/hmgoepprod?set=source[/33/8d/338decabb47c6f82f57fbd6ee21d726e8ea0a55a.jpg],origin[dam],category[men_blazerssuits_trousers],type[LOOKBOOK],res[m],hmver[1]&call=url[file:/product/style]"
2,Suit trousers Skinny FitModel,"http://lp2.hm.com/hmgoepprod?set=source[/f8/56/f856f3d6b47501152206a74910ef26973156addb.jpg],origin[dam],category[men_blazerssuits_trousers],type[LOOKBOOK],res[m],hmver[1]&call=url[file:/product/style]"
3,Suit trousers Skinny FitModel,"http://lp2.hm.com/hmgoepprod?set=source[/80/7e/807eec839206acca98fe61601887f6dfcefb9181.jpg],origin[dam],category[men_blazerssuits_trousers],type[LOOKBOOK],res[m],hmver[1]&call=url[file:/product/style]"
4,Suit trousers Skinny FitModel,"http://lp2.hm.com/hmgoepprod?set=source[/a1/c3/a1c347470bdac4a687457413b37c16c024255de9.jpg],origin[dam],category[men_blazerssuits_trousers],type[LOOKBOOK],res[m],hmver[1]&call=url[file:/product/style]"
5,Cropped suit trousersModel,"http://lp2.hm.com/hmgoepprod?set=source[/ed/36/ed36a4f3f4dbaa93f55a27a9ed73bd418d2f781f.jpg],origin[dam],category[men_blazerssuits_trousers],type[LOOKBOOK],res[m],hmver[1]&call=url[file:/product/style]"
6,COOLMAX® trousers Slim FitModel,"http://lp2.hm.com/hmgoepprod?set=source[/ce/ff/ceff9d58a61f315c50870d2bc76fded4ed48146f.jpg],origin[dam],category[men_blazerssuits_trousers],type[LOOKBOOK],res[m],hmver[1]&call=url[file:/product/style]"
7,Suit trousers Slim FitModel,"http://lp2.hm.com/hmgoepprod?set=source[/42/03/42036173389bd9d1f41f8b10ce74e62a5f8361b4.jpg],origin[dam],category[],type[LOOKBOOK],res[m],hmver[1]&call=url[file:/product/style]"
8,Cotton chinos Skinny fitModel,"http://lp2.hm.com/hmgoepprod?set=source[/4d/ee/4dee979bb53deaddcd4a50450ed4695ea23f19ea.jpg],origin[dam],category[men_trousers_chinos_skinny_all],type[LOOKBOOK],res[m],hmver[1]&call=url[file:/product/style]"
9,Chinos Slim Fit StretchModel,"http://lp2.hm.com/hmgoepprod?set=source[/74/ab/74ab6dae8561643e1b99e466ea9716081239ecff.jpg],origin[dam],category[men_trousers_chinos_slim_all],type[LOOKBOOK],res[m],hmver[1]&call=url[file:/product/style]"
10,Cotton chinos Skinny fitModel,"http://lp2.hm.com/hmgoepprod?set=source[/39/76/39766f28bca30f901cfd81fa49b47255e4c871e6.jpg],origin[dam],category[men_trousers_chinos_skinny_all],type[LOOKBOOK],res[m],hmver[1]&call=url[file:/product/style]"
11,Chinos Slim Fit StretchModel,"http://lp2.hm.com/hmgoepprod?set=source[/da/34/da345c19ed193f4247f05c5e3f962b2f8e5d9242.jpg],origin[dam],category[men_trousers_chinos_slim_all],type[LOOKBOOK],res[m],hmver[1]&call=url[file:/product/style]"
12,Chinos Slim FitModel,"http://lp2.hm.com/hmgoepprod?set=source[/82/49/824936b9a802f4342b6e5c049fb5d4c3d0cd8018.jpg],origin[dam],category[men_trousers_chinos_slim_all],type[LOOKBOOK],res[m],hmver[1]&call=url[file:/product/style]"
13,Cotton cargo joggersModel,"http://lp2.hm.com/hmgoepprod?set=source[/08/0d/080db199c989539e4e8dab6916fde3c34387691b.jpg],origin[dam],category[men_trousers_cargo],type[LOOKBOOK],res[m],hmver[1]&call=url[file:/product/style]"
14,Cotton cargo joggersModel,"http://lp2.hm.com/hmgoepprod?set=source[/25/e7/25e732dbfd932367422046e80c24fc1ca8bd745d.jpg],origin[dam],category[men_trousers_cargo],type[LOOKBOOK],res[m],hmver[1]&call=url[file:/product/style]"
15,Cargo joggersModel,"http://lp2.hm.com/hmgoepprod?set=source[/d5/ca/d5ca0cf5d74f71b9511799fd99db0306ff2757b9.jpg],origin[dam],category[men_trousers_joggers],type[LOOKBOOK],res[m],hmver[1]&call=url[file:/product/style]"
16,Cotton cargo joggersModel,"http://lp2.hm.com/hmgoepprod?set=source[/df/f0/dff05363a5298c29d2ecfdbc403eeb143f2a6040.jpg],origin[dam],category[men_trousers_cargo],type[LOOKBOOK],res[m],hmver[1]&call=url[file:/product/style]"
17,Brushed cotton twill joggersModel,"http://lp2.hm.com/hmgoepprod?set=source[/56/48/5648271b6b1acadcff1f27f1ef1063d3930420d8.jpg],origin[dam],category[men_trousers_joggers],type[LOOKBOOK],res[m],hmver[1]&call=url[file:/product/style]"
18,Brushed cotton twill joggersModel,"http://lp2.hm.com/hmgoepprod?set=source[/8f/c5/8fc5050776fd32cc5d4f0010544597399fbf4b56.jpg],origin[dam],category[men_trousers_joggers],type[LOOKBOOK],res[m],hmver[1]&call=url[file:/product/style]"
19,Cotton cargo trousersModel,"http://lp2.hm.com/hmgoepprod?set=source[/f1/1b/f11b60d2dda6fe1f192406c491ffbcaacac4b386.jpg],origin[dam],category[men_trousers_cargo],type[DESCRIPTIVESTILLLIFE],res[m],hmver[1]&call=url[file:/product/style]"
20,Cotton cargo trousersModel,"http://lp2.hm.com/hmgoepprod?set=source[/b6/23/b623f6105e4a97e812ed9fc595672f2362c4b88b.jpg],origin[dam],category[men_trousers_cargo],type[DESCRIPTIVESTILLLIFE],res[m],hmver[1]&call=url[file:/product/style]"
21,Cotton cargo trousersModel,"http://lp2.hm.com/hmgoepprod?set=source[/2a/d4/2ad4c165dc50dd479a1b72e69c3a36f4adbaf6cd.jpg],origin[dam],category[men_trousers_cargo],type[LOOKBOOK],res[m],hmver[1]&call=url[file:/product/style]"
22,Twill trousers Slim FitModel,"http://lp2.hm.com/hmgoepprod?set=source[/28/07/28070c85943bcc6f3c152826982e258c4331de33.jpg],origin[dam],category[men_trousers_trousers_slim_all],type[LOOKBOOK],res[m],hmver[1]&call=url[file:/product/style]"
23,Joggers Slim FitModel,"http://lp2.hm.com/hmgoepprod?set=source[/dd/1f/dd1fd35d392f652476ce7aa5450112f3c17dea86.jpg],origin[dam],category[men_trousers_joggers],type[LOOKBOOK],res[m],hmver[1]&call=url[file:/product/style]"
24,Joggers Slim FitModel,"http://lp2.hm.com/hmgoepprod?set=source[/4e/1b/4e1b36460557acd95a0a1efa1804924c89a084b3.jpg],origin[dam],category[men_trousers_joggers],type[LOOKBOOK],res[m],hmver[1]&call=url[file:/product/style]"
25,Joggers Slim FitModel,"http://lp2.hm.com/hmgoepprod?set=source[/aa/7f/aa7f0b94c4238fa1e69c42127b23476769cb5570.jpg],origin[dam],category[men_trousers_joggers],type[LOOKBOOK],res[m],hmver[1]&call=url[file:/product/style]"
26,Joggers Slim FitModel,"http://lp2.hm.com/hmgoepprod?set=source[/78/a6/78a6296350bf568dcec32198538cf325d2912150.jpg],origin[dam],category[men_trousers_joggers],type[LOOKBOOK],res[m],hmver[1]&call=url[file:/product/style]"
27,Joggers Slim FitModel,"http://lp2.hm.com/hmgoepprod?set=source[/c3/02/c302789e79df17320b8f563dd273e4670d8c6bc1.jpg],origin[dam],category[men_trousers_joggers],type[LOOKBOOK],res[m],hmver[1]&call=url[file:/product/style]"
28,JoggersModel,"http://lp2.hm.com/hmgoepprod?set=source[/43/a1/43a11adef4b7e6b725f8d107666013fafd0fd621.jpg],origin[dam],category[men_trousers_joggers],type[LOOKBOOK],res[m],hmver[1]&call=url[file:/product/style]"
29,Sweatpants Regular FitModel,"http://lp2.hm.com/hmgoepprod?set=source[/06/f8/06f85e18b457b755e7892853a0d08ac3c0c2809a.jpg],origin[dam],category[men_trousers_joggers],type[LOOKBOOK],res[m],hmver[1]&call=url[file:/product/style]"
30,JoggersModel,"http://lp2.hm.com/hmgoepprod?set=source[/62/15/6215faca82767c91d3a002e3d520a60a1e9cf0fc.jpg],origin[dam],category[men_trousers_casual],type[DESCRIPTIVESTILLLIFE],res[m],hmver[1]&call=url[file:/product/style]"
31,Track pantsModel,"http://lp2.hm.com/hmgoepprod?set=source[/74/92/7492252a536815734bc161737a298a5c9609aaf9.jpg],origin[dam],category[men_sport_bottoms],type[DESCRIPTIVESTILLLIFE],res[m],hmver[1]&call=url[file:/product/style]"
32,Sweatpants Regular FitModel,"http://lp2.hm.com/hmgoepprod?set=source[/26/9f/269f13a29c814a3a24d818fd4f9068f958d0b131.jpg],origin[dam],category[men_trousers_joggers],type[LOOKBOOK],res[m],hmver[1]&call=url[file:/product/style]"
33,Linen trousers Relaxed FitModel,"http://lp2.hm.com/hmgoepprod?set=source[/4b/3a/4b3ab5201055bf9a6fcb6c255fc4f66b4f870b03.jpg],origin[dam],category[men_trousers],type[LOOKBOOK],res[m],hmver[1]&call=url[file:/product/style]"
34,Brushed cotton twill joggersModel,"http://lp2.hm.com/hmgoepprod?set=source[/77/ab/77abc4daf74f74cacc8721d868727284198dfc1a.jpg],origin[dam],category[men_trousers_joggers],type[DESCRIPTIVESTILLLIFE],res[m],hmver[1]&call=url[file:/product/style]"
35,Cotton chinos Skinny fitModel,"http://lp2.hm.com/hmgoepprod?set=source[/56/5f/565f042514c2e21a81c465191a32848903574d91.jpg],origin[dam],category[men_trousers_chinos_skinny_all],type[LOOKBOOK],res[m],hmver[1]&call=url[file:/product/style]"
36,Chinos Slim Fit StretchModel,"http://lp2.hm.com/hmgoepprod?set=source[/f6/11/f611f6759b56778608bd7c5bccd4acfa902bffd0.jpg],origin[dam],category[men_trousers_chinos_slim_all],type[LOOKBOOK],res[m],hmver[1]&call=url[file:/product/style]"
37,Suit trousers Skinny FitModel,"http://lp2.hm.com/hmgoepprod?set=source[/e6/08/e60816d8bbeb4813fb0b1ed2185849ad15e9ac05.jpg],origin[dam],category[men_blazerssuits_trousers],type[LOOKBOOK],res[m],hmver[1]&call=url[file:/product/style]"
38,Chinos Slim Fit StretchModel,"http://lp2.hm.com/hmgoepprod?set=source[/95/57/9557e5f9d3ad4e63eb92030112793354834eb60a.jpg],origin[dam],category[men_trousers_chinos_slim_all],type[LOOKBOOK],res[m],hmver[1]&call=url[file:/product/style]"
39,Slim Super Soft JeansModel,"http://lp2.hm.com/hmgoepprod?set=source[/a1/6a/a16a12c04abbc59a46baa83801bc7a0147f83898.jpg],origin[dam],category[men_jeans_slim],type[DESCRIPTIVESTILLLIFE],res[m],hmver[1]&call=url[file:/product/style]"
40,Cargo joggersModel,"http://lp2.hm.com/hmgoepprod?set=source[/e1/cb/e1cbd9125e95e093c43eb7bfd312dc1567c9bacc.jpg],origin[dam],category[men_trousers_joggers],type[LOOKBOOK],res[m],hmver[1]&call=url[file:/product/style]"
41,Chinos Slim Fit StretchModel,"http://lp2.hm.com/hmgoepprod?set=source[/f6/f5/f6f5619056c66dacaf05efc48c0327088e6dbe01.jpg],origin[dam],category[men_trousers_chinos_slim_all],type[LOOKBOOK],res[m],hmver[1]&call=url[file:/product/style]"
42,Linen trousers Relaxed FitModel,"http://lp2.hm.com/hmgoepprod?set=source[/5f/31/5f311b80c7319103fe1323846c5be50025a987af.jpg],origin[dam],category[men_trousers],type[LOOKBOOK],res[m],hmver[1]&call=url[file:/product/style]"
43,Cotton chinos Skinny fitModel,"http://lp2.hm.com/hmgoepprod?set=source[/b9/fc/b9fc3df031aa5903d876dad04d3cbd462d43b726.jpg],origin[dam],category[men_trousers_chinos_skinny_all],type[LOOKBOOK],res[m],hmver[1]&call=url[file:/product/style]"
44,Cargo joggersModel,"http://lp2.hm.com/hmgoepprod?set=source[/aa/c5/aac5bc6a99e5239b924cff52edd1d61657c85068.jpg],origin[dam],category[men_trousers_joggers],type[LOOKBOOK],res[m],hmver[1]&call=url[file:/product/style]"
45,Chinos Slim Fit StretchModel,"http://lp2.hm.com/hmgoepprod?set=source[/69/44/69440123545af4933f504fed94390c4740b849cb.jpg],origin[dam],category[men_trousers_chinos_slim_all],type[LOOKBOOK],res[m],hmver[1]&call=url[file:/product/style]"
46,Twill trousers Slim FitModel,"http://lp2.hm.com/hmgoepprod?set=source[/4b/d7/4bd7c5a1c6469e7bf9bc76bf0b075a179541ae6e.jpg],origin[dam],category[men_trousers_trousers_slim_all],type[LOOKBOOK],res[m],hmver[1]&call=url[file:/product/style]"
47,Cotton cargo trousersModel,"http://lp2.hm.com/hmgoepprod?set=source[/aa/7e/aa7e8ce5f6ce141bdbacc88f3d1211e73b94a226.jpg],origin[dam],category[men_trousers_cargo],type[DESCRIPTIVESTILLLIFE],res[m],hmver[1]&call=url[file:/product/style]"
48,Linen trousers Relaxed FitModel,"http://lp2.hm.com/hmgoepprod?set=source[/c9/5a/c95a2815205ba261903394b560dda849c58d2e21.jpg],origin[dam],category[men_trousers],type[LOOKBOOK],res[m],hmver[1]&call=url[file:/product/style]"
49,Twill trousers Slim FitModel,"http://lp2.hm.com/hmgoepprod?set=source[/61/4a/614ae4be0a9370ad0b53facd927009e751ec8043.jpg],origin[dam],category[men_trousers_trousers_slim_all],type[DESCRIPTIVESTILLLIFE],res[m],hmver[1]&call=url[file:/product/style]"
50,Cotton cargo joggersModel,"http://lp2.hm.com/hmgoepprod?set=source[/1c/7d/1c7df755b5d88dde4d1c8e3f0ede8a04b5204874.jpg],origin[dam],category[men_trousers_cargo],type[DESCRIPTIVESTILLLIFE],res[m],hmver[1]&call=url[file:/product/style]"
51,Chinos Slim FitModel,"http://lp2.hm.com/hmgoepprod?set=source[/08/51/0851fbc5186a70c37b377ec505be87d0c7e48258.jpg],origin[dam],category[men_trousers_chinos_slim_all],type[LOOKBOOK],res[m],hmver[1]&call=url[file:/product/style]"
52,Twill trousers Slim FitModel,"http://lp2.hm.com/hmgoepprod?set=source[/8b/26/8b2685e0f4d16a4f3de8b228ca0b3725b8dae800.jpg],origin[dam],category[men_trousers_trousers_slim_all],type[LOOKBOOK],res[m],hmver[1]&call=url[file:/product/style]"
53,Cotton chinos Skinny fitModel,"http://lp2.hm.com/hmgoepprod?set=source[/ba/e2/bae24a15a566d4aad1578eb4c5fd5c5d6cd80147.jpg],origin[dam],category[men_trousers_chinos_skinny_all],type[LOOKBOOK],res[m],hmver[1]&call=url[file:/product/style]"
54,Cargo joggersModel,"http://lp2.hm.com/hmgoepprod?set=source[/6e/29/6e29512d44f076786945d5b732af5ae8237f8e3a.jpg],origin[dam],category[men_trousers_joggers],type[LOOKBOOK],res[m],hmver[1]&call=url[file:/product/style]"
55,Suit trousers Skinny FitModel,"http://lp2.hm.com/hmgoepprod?set=source[/38/7a/387a6d5ec1dfedee9c951d3ca465d9d489f4bfda.jpg],origin[dam],category[men_trousers_dressed],type[LOOKBOOK],res[m],hmver[1]&call=url[file:/product/style]"
56,Twill trousers Slim FitModel,"http://lp2.hm.com/hmgoepprod?set=source[/fd/8e/fd8e9fab5d95e4f55bd93bf1fdd99d45bf7939c4.jpg],origin[dam],category[men_trousers_trousers_slim_all],type[LOOKBOOK],res[m],hmver[1]&call=url[file:/product/style]"
57,Linen suit trousers Slim FitModel,"http://lp2.hm.com/hmgoepprod?set=source[/00/45/0045be09c2e36581a0a044bce24f4de3e9f0509f.jpg],origin[dam],category[men_blazerssuits_trousers],type[LOOKBOOK],res[m],hmver[1]&call=url[file:/product/style]"
58,Joggers Slim FitModel,"http://lp2.hm.com/hmgoepprod?set=source[/da/49/da498652edb04a8a571a71a892b39960fc4450d9.jpg],origin[dam],category[men_trousers_joggers],type[DESCRIPTIVESTILLLIFE],res[m],hmver[1]&call=url[file:/product/style]"
59,Suit trousers Slim FitModel,"http://lp2.hm.com/hmgoepprod?set=source[/ec/f5/ecf5b70ff8d1582fd8ad7fd16e0274dede25e23d.jpg],origin[dam],category[men_trousers_dressed],type[LOOKBOOK],res[m],hmver[1]&call=url[file:/product/style]"
60,Cotton cargo trousersModel,"http://lp2.hm.com/hmgoepprod?set=source[/b4/b2/b4b2f553d83dd919a2762f5d9751f6429854daf1.jpg],origin[dam],category[men_trousers_cargo],type[DESCRIPTIVESTILLLIFE],res[m],hmver[2]&call=url[file:/product/style]"
61,Cotton chinos Skinny fitModel,"http://lp2.hm.com/hmgoepprod?set=source[/75/bf/75bfa1497d4fb055a19eb1519e01fab717b94fb5.jpg],origin[dam],category[men_trousers_chinos_skinny_all],type[LOOKBOOK],res[m],hmver[1]&call=url[file:/product/style]"
62,Linen suit trousers Slim FitModel,"http://lp2.hm.com/hmgoepprod?set=source[/b2/b0/b2b08739daba0a41812aa2a9524ed56a4d90ce46.jpg],origin[dam],category[men_blazerssuits_trousers],type[LOOKBOOK],res[m],hmver[1]&call=url[file:/product/style]"
63,Brushed cotton twill joggersModel,"http://lp2.hm.com/hmgoepprod?set=source[/ac/09/ac09d6f91d71274c319120edb554917d80d64a7e.jpg],origin[dam],category[men_trousers_joggers],type[DESCRIPTIVESTILLLIFE],res[m],hmver[1]&call=url[file:/product/style]"
64,Linen-blend trousersModel,"http://lp2.hm.com/hmgoepprod?set=source[/42/56/42569202be7556a8bf10a3130d38e2c32a91b272.jpg],origin[dam],category[men_trousers_trousers_regular_all],type[LOOKBOOK],res[m],hmver[1]&call=url[file:/product/style]"
65,Linen-blend trousersModel,"http://lp2.hm.com/hmgoepprod?set=source[/ca/1f/ca1fa70c40dd16d15ef49d83b7656c727bd95bbd.jpg],origin[dam],category[men_trousers_trousers_regular_all],type[LOOKBOOK],res[m],hmver[1]&call=url[file:/product/style]"
66,Cotton chinos Slim FitModel,"http://lp2.hm.com/hmgoepprod?set=source[/6e/c5/6ec518d024b834b16340bbd21f044b47f43671c0.jpg],origin[dam],category[men_trousers_chinos],type[DESCRIPTIVESTILLLIFE],res[m],hmver[1]&call=url[file:/product/style]"
67,COOLMAX® joggersModel,"http://lp2.hm.com/hmgoepprod?set=source[/52/0e/520e850e6b7402de81a34763e672892e29b2ddcd.jpg],origin[dam],category[],type[LOOKBOOK],res[m],hmver[1]&call=url[file:/product/style]"
68,Cropped Sweatpants Regular FitModel,"http://lp2.hm.com/hmgoepprod?set=source[/74/97/7497467eb227db136c06fda00bafe87acffe28ef.jpg],origin[dam],category[men_trousers_joggers],type[LOOKBOOK],res[m],hmver[1]&call=url[file:/product/style]"
69,Cotton joggersModel,"http://lp2.hm.com/hmgoepprod?set=source[/57/00/570016fa6f97e7c00fb79f28409db02ae3b94dcc.jpg],origin[dam],category[men_trousers_joggers],type[LOOKBOOK],res[m],hmver[1]&call=url[file:/product/style]"
70,Linen-blend cargo trousersModel,"http://lp2.hm.com/hmgoepprod?set=source[/87/8b/878b3857be5cb4dac7d90fe0eedc15a00e3bda60.jpg],origin[dam],category[men_trousers_cargo],type[LOOKBOOK],res[m],hmver[1]&call=url[file:/product/style]"
71,Chinos Slim Fit StretchModel,"http://lp2.hm.com/hmgoepprod?set=source[/cc/c2/ccc29d1d3a231d3f6a17883340eb75a4ef6cb2f9.jpg],origin[dam],category[men_trousers_chinos_slim_all],type[DESCRIPTIVESTILLLIFE],res[m],hmver[1]&call=url[file:/product/style]"
72,Cropped chinos Slim FitModel,"http://lp2.hm.com/hmgoepprod?set=source[/ca/23/ca23ed24807df9d5710e6fdce6c0d564ff59fc8f.jpg],origin[dam],category[men_trousers_chinos_slim_all],type[LOOKBOOK],res[m],hmver[1]&call=url[file:/product/style]"
73,Cotton cargo joggersModel,"http://lp2.hm.com/hmgoepprod?set=source[/4f/ad/4fad92e10c3fa99b9e26d4f11c7c8e8873f32789.jpg],origin[dam],category[men_trousers_cargo],type[LOOKBOOK],res[m],hmver[1]&call=url[file:/product/style]"
74,Sports joggersModel,"http://lp2.hm.com/hmgoepprod?set=source[/7f/09/7f091239996d2c5ac8bb442e4f20499cc60b4708.jpg],origin[dam],category[men_sport_bottoms],type[LOOKBOOK],res[m],hmver[1]&call=url[file:/product/style]"
75,Linen suit trousers Slim FitModel,"http://lp2.hm.com/hmgoepprod?set=source[/ce/b7/ceb763dcaa8f87dd6156f59ecee58cb6af13f7d5.jpg],origin[dam],category[men_blazerssuits_trousers],type[LOOKBOOK],res[m],hmver[1]&call=url[file:/product/style]"
76,Cropped chinos Slim FitModel,"http://lp2.hm.com/hmgoepprod?set=source[/ea/cd/eacdfd6f47fc4aa408b70cd0f859eb7dd1b39892.jpg],origin[dam],category[men_trousers_chinos_slim_all],type[LOOKBOOK],res[m],hmver[1]&call=url[file:/product/style]"
77,JoggersModel,"http://lp2.hm.com/hmgoepprod?set=source[/e7/1b/e71be44212c4f39fe2d5cbab3075c6f430fb2ee3.jpg],origin[dam],category[men_trousers_casual],type[DESCRIPTIVESTILLLIFE],res[m],hmver[1]&call=url[file:/product/style]"
78,Linen-blend trousersModel,"http://lp2.hm.com/hmgoepprod?set=source[/f0/9e/f09e0e86abc02af202ee1465c11bf691b8630f63.jpg],origin[dam],category[men_trousers_trousers_regular_all],type[LOOKBOOK],res[m],hmver[1]&call=url[file:/product/style]"
79,Chinos Slim FitModel,"http://lp2.hm.com/hmgoepprod?set=source[/20/49/20498724f1001b8460b9aeb0de00f3bd8cf4941e.jpg],origin[dam],category[men_trousers_chinos_slim_all],type[LOOKBOOK],res[m],hmver[1]&call=url[file:/product/style]"
80,Cropped Sweatpants Regular FitModel,"http://lp2.hm.com/hmgoepprod?set=source[/0d/19/0d19f60d81a26cef81cb0d6ec245375c5a16e7bd.jpg],origin[dam],category[men_trousers_joggers],type[DESCRIPTIVESTILLLIFE],res[m],hmver[1]&call=url[file:/product/style]"
81,Cotton chinos Skinny fitModel,"http://lp2.hm.com/hmgoepprod?set=source[/fb/3e/fb3e9bb7981bcd849f9e1540b8abacc7484df91b.jpg],origin[dam],category[men_trousers_chinos_skinny_all],type[DESCRIPTIVESTILLLIFE],res[m],hmver[1]&call=url[file:/product/style]"
82,Linen-blend trousersModel,"http://lp2.hm.com/hmgoepprod?set=source[/60/c9/60c94853d79527009a7a57fb2caacda9091ce899.jpg],origin[dam],category[men_trousers_casual],type[LOOKBOOK],res[m],hmver[1]&call=url[file:/product/style]"
83,Cotton chinos Skinny fitModel,"http://lp2.hm.com/hmgoepprod?set=source[/df/96/df968cdba7109a92e4d908229d534ebef9f2fbbc.jpg],origin[dam],category[men_trousers_chinos_skinny_all],type[LOOKBOOK],res[m],hmver[1]&call=url[file:/product/style]"
84,Joggers Slim FitModel,"http://lp2.hm.com/hmgoepprod?set=source[/13/21/132114ab578ac7b75e4f82afbbbb0caa550c4ea9.jpg],origin[dam],category[men_trousers_joggers],type[LOOKBOOK],res[m],hmver[1]&call=url[file:/product/style]"
85,Cargo joggers Slim FitModel,"http://lp2.hm.com/hmgoepprod?set=source[/0a/5d/0a5d40a08265e4545ab37ab6c6a643e07a91b738.jpg],origin[dam],category[men_trousers_cargo],type[LOOKBOOK],res[m],hmver[1]&call=url[file:/product/style]"
86,Cotton cargo trousersModel,"http://lp2.hm.com/hmgoepprod?set=source[/67/9c/679c58d9e5e6e3f1a7c4e926dccb1466368a49ca.jpg],origin[dam],category[men_trousers_cargo],type[LOOKBOOK],res[m],hmver[1]&call=url[file:/product/style]"
87,Brushed cotton twill joggersModel,"http://lp2.hm.com/hmgoepprod?set=source[/7b/93/7b936f6cbe1976134989f340a22f08d138009d18.jpg],origin[dam],category[men_trousers_joggers],type[DESCRIPTIVESTILLLIFE],res[m],hmver[1]&call=url[file:/product/style]"
88,Linen-blend trousersModel,"http://lp2.hm.com/hmgoepprod?set=source[/7c/e5/7ce5a0b83bb9b32c161baa7e87505581d4231d64.jpg],origin[dam],category[men_trousers_casual],type[LOOKBOOK],res[m],hmver[1]&call=url[file:/product/style]"
89,Twill trousers Skinny FitModel,"http://lp2.hm.com/hmgoepprod?set=source[/40/fc/40fc37febb02a79e7362eaf42e1852b223f6eccf.jpg],origin[dam],category[men_trousers_trousers_skinny_all],type[LOOKBOOK],res[m],hmver[1]&call=url[file:/product/style]"
90,Cotton cargo trousersModel,"http://lp2.hm.com/hmgoepprod?set=source[/b0/80/b0807516bb165f87ca6c240ce97277f8fe434c08.jpg],origin[dam],category[men_trousers_cargo],type[LOOKBOOK],res[m],hmver[1]&call=url[file:/product/style]"
91,Cotton cargo trousersModel,"http://lp2.hm.com/hmgoepprod?set=source[/dc/0f/dc0fef58618b9e81b5beacd47fadc5a5f2e241fe.jpg],origin[dam],category[men_trousers_cargo],type[LOOKBOOK],res[m],hmver[1]&call=url[file:/product/style]"
92,Linen suit trousers Slim FitModel,"http://lp2.hm.com/hmgoepprod?set=source[/40/26/4026c14ce4007f4603b59a029fa9edbea0c7c851.jpg],origin[dam],category[men_blazerssuits_trousers],type[LOOKBOOK],res[m],hmver[1]&call=url[file:/product/style]"
93,Twill trousers Slim FitModel,"http://lp2.hm.com/hmgoepprod?set=source[/81/f1/81f1a4b99edc161c9fd17b2b273a9710090bef49.jpg],origin[dam],category[men_trousers_trousers_slim_all],type[LOOKBOOK],res[m],hmver[1]&call=url[file:/product/style]"
94,COOLMAX® joggersModel,"http://lp2.hm.com/hmgoepprod?set=source[/61/d5/61d558db1557f2d19de623b318092de6c686a81e.jpg],origin[dam],category[men_trousers_joggers],type[LOOKBOOK],res[m],hmver[1]&call=url[file:/product/style]"
95,Suit trousers Skinny FitModel,"http://lp2.hm.com/hmgoepprod?set=source[/77/1e/771eb4b7600933edd46617c595d67394646eb141.jpg],origin[dam],category[men_trousers_dressed],type[LOOKBOOK],res[m],hmver[1]&call=url[file:/product/style]"
96,Suit trousers Skinny FitModel,"http://lp2.hm.com/hmgoepprod?set=source[/c0/07/c0070cb73dc8be9f973b365cd129d36f9c6cbad6.jpg],origin[dam],category[men_trousers_dressed],type[LOOKBOOK],res[m],hmver[1]&call=url[file:/product/style]"
97,Low-crotch sweatpantsModel,"http://lp2.hm.com/hmgoepprod?set=source[/7a/fa/7afa9c07013d8c3e951acd6a33fd4b1921787703.jpg],origin[dam],category[men_trousers_casual],type[LOOKBOOK],res[m],hmver[1]&call=url[file:/product/style]"
98,Cotton chinosModel,"http://lp2.hm.com/hmgoepprod?set=source[/93/c3/93c30a45d8a7b4e6a30ae105731d40800777da28.jpg],origin[dam],category[men_trousers_chinos],type[LOOKBOOK],res[m],hmver[1]&call=url[file:/product/style]"
99,JoggersModel,"http://lp2.hm.com/hmgoepprod?set=source[/80/68/806818d7cdc47e37058b01883da5d67fc39c5ff8.jpg],origin[dam],category[men_trousers_joggers],type[LOOKBOOK],res[m],hmver[1]&call=url[file:/product/style]"
100,Suit trousers Skinny FitModel,"http://lp2.hm.com/hmgoepprod?set=source[/ff/7a/ff7a2ccc0a8faa0cfd5411faa907398becdb587e.jpg],origin[dam],category[men_trousers_dressed],type[LOOKBOOK],res[m],hmver[1]&call=url[file:/product/style]"
101,Sports joggersModel,"http://lp2.hm.com/hmgoepprod?set=source[/cb/3f/cb3faf1ce8dac3da7b40d73f23bf9287e660e95a.jpg],origin[dam],category[men_sport_bottoms],type[LOOKBOOK],res[m],hmver[1]&call=url[file:/product/style]"
102,Linen-blend trousersModel,"http://lp2.hm.com/hmgoepprod?set=source[/1a/e6/1ae65ca0132aef225a6fa2d42b51c59bbbb66053.jpg],origin[dam],category[men_trousers_casual],type[LOOKBOOK],res[m],hmver[1]&call=url[file:/product/style]"
103,JoggersModel,"http://lp2.hm.com/hmgoepprod?set=source[/2e/a1/2ea1d692745b99167f0440bff0cf566fe6fcc5c9.jpg],origin[dam],category[men_trousers_joggers],type[LOOKBOOK],res[m],hmver[1]&call=url[file:/product/style]"
104,Cotton chinosModel,"http://lp2.hm.com/hmgoepprod?set=source[/0a/1d/0a1d774b5679f750aac40414d74888fef91d5e2f.jpg],origin[dam],category[men_trousers_chinos],type[LOOKBOOK],res[m],hmver[1]&call=url[file:/product/style]"
105,Cotton cargo trousersModel,"http://lp2.hm.com/hmgoepprod?set=source[/53/36/5336cf390807e4aaabf43d60bf5377bd2d6b552f.jpg],origin[dam],category[men_trousers_cargo],type[DESCRIPTIVESTILLLIFE],res[m],hmver[1]&call=url[file:/product/style]"
106,Cotton twill joggersModel,"http://lp2.hm.com/hmgoepprod?set=source[/bd/36/bd365f9fd2c8e14878de85e75087b951c50f0762.jpg],origin[dam],category[men_trousers_joggers],type[DESCRIPTIVESTILLLIFE],res[m],hmver[2]&call=url[file:/product/style]"
107,Cotton chambray joggersModel,"http://lp2.hm.com/hmgoepprod?set=source[/a0/6d/a06d9ca1b914701aaed2dec74788bf76e88ad156.jpg],origin[dam],category[men_trousers_trousers_regular_all],type[LOOKBOOK],res[m],hmver[1]&call=url[file:/product/style]"
108,Cotton twill joggersModel,"http://lp2.hm.com/hmgoepprod?set=source[/37/31/3731f8f5cc3995404fbe3230334f030268fe7351.jpg],origin[dam],category[men_trousers_joggers],type[LOOKBOOK],res[m],hmver[1]&call=url[file:/product/style]"
109,Sports joggersModel,"http://lp2.hm.com/hmgoepprod?set=source[/75/2b/752bf813fe5ae79ac360fe3644a243e144e98a89.jpg],origin[dam],category[men_sport_bottoms],type[LOOKBOOK],res[m],hmver[1]&call=url[file:/product/style]"
110,Cotton chinosModel,"http://lp2.hm.com/hmgoepprod?set=source[/8f/74/8f74dd5b9d1cd3eb0a2dcac19b4a3228123bfaf3.jpg],origin[dam],category[men_trousers_chinos],type[LOOKBOOK],res[m],hmver[1]&call=url[file:/product/style]"
111,Suit trousers Slim FitModel,"http://lp2.hm.com/hmgoepprod?set=source[/9b/5a/9b5a9670624f2d5b408f045b64f5b1775a3db0e9.jpg],origin[dam],category[men_blazerssuits_trousers],type[LOOKBOOK],res[m],hmver[1]&call=url[file:/product/style]"
112,Chinos Slim FitModel,"http://lp2.hm.com/hmgoepprod?set=source[/e1/2f/e12f7e6c893340a09d1c87d06bfed6e031bf0196.jpg],origin[dam],category[men_trousers_chinos_slim_all],type[LOOKBOOK],res[m],hmver[1]&call=url[file:/product/style]"
113,Cargo joggers Slim FitModel,"http://lp2.hm.com/hmgoepprod?set=source[/0f/4c/0f4c09fb293478c760da87607a08c7a498182250.jpg],origin[dam],category[men_trousers_cargo],type[LOOKBOOK],res[m],hmver[1]&call=url[file:/product/style]"
114,Suit trousers Slim FitModel,"http://lp2.hm.com/hmgoepprod?set=source[/ba/22/ba22e7d81b4d21f14d22b3fda771ae540a488d06.jpg],origin[dam],category[men_trousers_dressed],type[LOOKBOOK],res[m],hmver[1]&call=url[file:/product/style]"
115,Cropped chinos Slim FitModel,"http://lp2.hm.com/hmgoepprod?set=source[/95/0f/950f543076379ef53b8120aa5ff5264556658754.jpg],origin[dam],category[men_trousers_chinos_slim_all],type[LOOKBOOK],res[m],hmver[1]&call=url[file:/product/style]"
116,Linen suit trousers Slim FitModel,"http://lp2.hm.com/hmgoepprod?set=source[/1d/90/1d9074a77e8348902fab5be01b643b000eab2cc7.jpg],origin[dam],category[men_blazerssuits_trousers],type[LOOKBOOK],res[m],hmver[1]&call=url[file:/product/style]"
117,Twill trousers Skinny FitModel,"http://lp2.hm.com/hmgoepprod?set=source[/ba/f1/baf159099e8984d820f65424bb106efd90a848b1.jpg],origin[dam],category[men_trousers_trousers_skinny_all],type[DESCRIPTIVESTILLLIFE],res[m],hmver[1]&call=url[file:/product/style]"
118,Chinos Slim Fit StretchModel,"http://lp2.hm.com/hmgoepprod?set=source[/4d/24/4d246faa55763fd10d1ebc11bb33219eaa3e57ba.jpg],origin[dam],category[men_trousers_chinos_slim_all],type[DESCRIPTIVESTILLLIFE],res[m],hmver[1]&call=url[file:/product/style]"
119,Suit trousers Skinny FitModel,"http://lp2.hm.com/hmgoepprod?set=source[/35/dc/35dc7be7dff2e4d79fae8cff05ba70816c8f8471.jpg],origin[dam],category[men_blazerssuits_trousers],type[LOOKBOOK],res[m],hmver[1]&call=url[file:/product/style]"
120,Suit trousers Slim FitModel,"http://lp2.hm.com/hmgoepprod?set=source[/f5/d8/f5d85e2c8f0f5ce1e89fce386bb46c5d06d820f7.jpg],origin[dam],category[men_trousers_dressed],type[DESCRIPTIVESTILLLIFE],res[m],hmver[1]&call=url[file:/product/style]"
121,Cargo joggers Slim FitModel,"http://lp2.hm.com/hmgoepprod?set=source[/40/a6/40a65a67864925543155f70bc55c26d643e0c666.jpg],origin[dam],category[men_trousers_cargo],type[LOOKBOOK],res[m],hmver[1]&call=url[file:/product/style]"
122,Suit trousers Skinny FitModel,"http://lp2.hm.com/hmgoepprod?set=source[/79/37/79373e0ca2c7fd3e8ad00586104081d429e7477b.jpg],origin[dam],category[men_blazerssuits_trousers],type[LOOKBOOK],res[m],hmver[1]&call=url[file:/product/style]"
123,Suit trousers Skinny FitModel,"http://lp2.hm.com/hmgoepprod?set=source[/90/08/9008a2eb584a3bfb198dcce4f31abb9520c8e2b6.jpg],origin[dam],category[men_blazerssuits_trousers],type[LOOKBOOK],res[m],hmver[1]&call=url[file:/product/style]"
124,Suit trousers Skinny FitModel,"http://lp2.hm.com/hmgoepprod?set=source[/cb/f7/cbf7227e5fdaaadf9abf9adae36a4d684083ad76.jpg],origin[dam],category[men_blazerssuits_trousers],type[LOOKBOOK],res[m],hmver[1]&call=url[file:/product/style]"
125,Twill trousers Skinny FitModel,"http://lp2.hm.com/hmgoepprod?set=source[/4f/57/4f57898ff0cbca014726b595880d4a212ca2a1bc.jpg],origin[dam],category[men_trousers_trousers_skinny_all],type[DESCRIPTIVESTILLLIFE],res[m],hmver[1]&call=url[file:/product/style]"
126,Suit trousers Skinny FitModel,"http://lp2.hm.com/hmgoepprod?set=source[/7d/fd/7dfd40526c798e1681ed5c28a08aced2b9a0a63b.jpg],origin[dam],category[men_blazerssuits_trousers],type[LOOKBOOK],res[m],hmver[1]&call=url[file:/product/style]"
127,Joggers Slim FitModel,"http://lp2.hm.com/hmgoepprod?set=source[/f9/15/f9151e095512a4a3e8a5acf645659968d5b258f4.jpg],origin[dam],category[men_trousers_joggers],type[LOOKBOOK],res[m],hmver[1]&call=url[file:/product/style]"
128,Cotton cargo trousersModel,"http://lp2.hm.com/hmgoepprod?set=source[/97/61/97610ac6b06e976593a0428a6239d72dadf7d716.jpg],origin[dam],category[men_trousers_cargo],type[LOOKBOOK],res[m],hmver[1]&call=url[file:/product/style]"
129,Cotton twill joggersModel,"http://lp2.hm.com/hmgoepprod?set=source[/0f/5c/0f5c80c4af8f1b057cb6126d9537263c43d030f0.jpg],origin[dam],category[men_trousers_joggers],type[DESCRIPTIVESTILLLIFE],res[m],hmver[2]&call=url[file:/product/style]"
130,Linen-blend joggersModel,"http://lp2.hm.com/hmgoepprod?set=source[/8f/a7/8fa77215d425742952b76b2f50a79abdf402fe9d.jpg],origin[dam],category[men_trousers_joggers],type[LOOKBOOK],res[m],hmver[1]&call=url[file:/product/style]"
131,Cropped Sweatpants Regular FitModel,"http://lp2.hm.com/hmgoepprod?set=source[/b6/3b/b63b2f23a57d061ad9c692340808bac26630497c.jpg],origin[dam],category[men_trousers_joggers],type[LOOKBOOK],res[m],hmver[1]&call=url[file:/product/style]"
132,Suit trousers Slim FitModel,"http://lp2.hm.com/hmgoepprod?set=source[/c9/ae/c9aebece3a61b99c74f6b6859d6a73383ad9c329.jpg],origin[dam],category[men_trousers_dressed],type[LOOKBOOK],res[m],hmver[1]&call=url[file:/product/style]"
133,Suit trousers Muscle FitModel,"http://lp2.hm.com/hmgoepprod?set=source[/f0/4b/f04b01f0d56208a01bce46201aac509d96114f0b.jpg],origin[dam],category[men_trousers_dressed],type[LOOKBOOK],res[m],hmver[1]&call=url[file:/product/style]"
134,Suit trousers Slim FitModel,"http://lp2.hm.com/hmgoepprod?set=source[/0a/d2/0ad2286e3e443c1d612e2c57c3178e10d862c6ca.jpg],origin[dam],category[men_blazerssuits_trousers],type[LOOKBOOK],res[m],hmver[1]&call=url[file:/product/style]"
135,Suit trousers Skinny FitModel,"http://lp2.hm.com/hmgoepprod?set=source[/0e/50/0e50030ec7575845e95ead7a4046c4522544852d.jpg],origin[dam],category[men_trousers_dressed],type[LOOKBOOK],res[m],hmver[1]&call=url[file:/product/style]"
136,Twill trousers Skinny FitModel,"http://lp2.hm.com/hmgoepprod?set=source[/3e/62/3e6200e8faaf5fb07d411f982549013b4836fbfe.jpg],origin[dam],category[men_trousers_trousers_skinny_all],type[LOOKBOOK],res[m],hmver[1]&call=url[file:/product/style]"
137,Wool-blend trousers Slim FitModel,"http://lp2.hm.com/hmgoepprod?set=source[/06/c8/06c81581b9cfc34d507fad2645f2aeef673bd4fc.jpg],origin[dam],category[men_blazerssuits_trousers],type[LOOKBOOK],res[m],hmver[1]&call=url[file:/product/style]"
138,Twill trousers Slim FitModel,"http://lp2.hm.com/hmgoepprod?set=source[/62/74/6274471265e5d27d156a3f20c088d2908806ef3d.jpg],origin[dam],category[men_trousers_trousers_slim_all],type[DESCRIPTIVESTILLLIFE],res[m],hmver[1]&call=url[file:/product/style]"
139,Cropped chinos Slim FitModel,"http://lp2.hm.com/hmgoepprod?set=source[/51/fe/51fed901087951627ba6e13319d8dc43e536086f.jpg],origin[dam],category[men_trousers_chinos_slim_all],type[LOOKBOOK],res[m],hmver[1]&call=url[file:/product/style]"
140,Cotton chambray joggersModel,"http://lp2.hm.com/hmgoepprod?set=source[/3e/fd/3efdd9db6768fab95ff4238e5aa138a894a0fe9e.jpg],origin[dam],category[men_trousers_trousers_regular_all],type[LOOKBOOK],res[m],hmver[1]&call=url[file:/product/style]"
141,Linen suit trousers Slim FitModel,"http://lp2.hm.com/hmgoepprod?set=source[/26/d9/26d9c253a7b867203d76f6af560c5555e5c95db0.jpg],origin[dam],category[men_blazerssuits_trousers],type[LOOKBOOK],res[m],hmver[1]&call=url[file:/product/style]"
142,Nylon cargo trousersModel,"http://lp2.hm.com/hmgoepprod?set=source[/4f/21/4f21434a2a012d2fef420c5d3d0573b1732139b8.jpg],origin[dam],category[men_trousers_trousers_slim_all],type[LOOKBOOK],res[m],hmver[1]&call=url[file:/product/style]"
143,Suit trousers Skinny FitModel,"http://lp2.hm.com/hmgoepprod?set=source[/eb/58/eb588da7246283a427cda64d8e8a2fb6f1527ba4.jpg],origin[dam],category[men_trousers_trousers_skinny_all],type[LOOKBOOK],res[m],hmver[1]&call=url[file:/product/style]"
144,Suit trousers Skinny FitModel,"http://lp2.hm.com/hmgoepprod?set=source[/f5/01/f501c8b25fb8745c5ac34e7e85a80fbc01ede1a9.jpg],origin[dam],category[men_blazerssuits_trousers],type[DESCRIPTIVESTILLLIFE],res[m],hmver[1]&call=url[file:/product/style]"
145,Cropped suit trousers Slim FitModel,"http://lp2.hm.com/hmgoepprod?set=source[/89/da/89da5dc389201c25474aa02e8b7253a6a375d953.jpg],origin[dam],category[men_blazerssuits_trousers],type[LOOKBOOK],res[m],hmver[1]&call=url[file:/product/style]"
146,Suit trousers Slim FitModel,"http://lp2.hm.com/hmgoepprod?set=source[/06/b6/06b61146e7b0f981201772f16a275dcf813e910b.jpg],origin[dam],category[men_blazerssuits_trousers],type[LOOKBOOK],res[m],hmver[1]&call=url[file:/product/style]"
147,Suit trousers Skinny FitModel,"http://lp2.hm.com/hmgoepprod?set=source[/f4/9a/f49a215b5a4fc25a263976500f70411bf194dd9e.jpg],origin[dam],category[men_blazerssuits_trousers],type[DESCRIPTIVESTILLLIFE],res[m],hmver[1]&call=url[file:/product/style]"
148,Cotton chinos Slim FitModel,"http://lp2.hm.com/hmgoepprod?set=source[/5f/9d/5f9d12fce63c7b88b77b78adb9a1b61e125f36fc.jpg],origin[dam],category[men_trousers_chinos],type[DESCRIPTIVESTILLLIFE],res[m],hmver[1]&call=url[file:/product/style]"
149,Linen suit trousers Slim FitModel,"http://lp2.hm.com/hmgoepprod?set=source[/1a/5d/1a5d7f2f03e6ddb2229e6f78a93e77b88c9e5f9b.jpg],origin[dam],category[men_blazerssuits_trousers],type[LOOKBOOK],res[m],hmver[1]&call=url[file:/product/style]"
150,Suit trousers Slim FitModel,"http://lp2.hm.com/hmgoepprod?set=source[/96/c3/96c311fb883809f48004752276647ac665cdf5d3.jpg],origin[dam],category[men_trousers_dressed],type[LOOKBOOK],res[m],hmver[1]&call=url[file:/product/style]"
151,Suit trousers Skinny FitModel,"http://lp2.hm.com/hmgoepprod?set=source[/b4/49/b449c5167a1d15175f9d4d727a3be6d10416f6e1.jpg],origin[dam],category[men_trousers_trousers_skinny_all],type[DESCRIPTIVESTILLLIFE],res[m],hmver[1]&call=url[file:/product/style]"
152,Linen-blend suit trousersModel,"http://lp2.hm.com/hmgoepprod?set=source[/14/a0/14a01511bf66c12b8fcd5f7be836ded301f7e228.jpg],origin[dam],category[men_blazerssuits_trousers],type[LOOKBOOK],res[m],hmver[1]&call=url[file:/product/style]"
153,Cotton cargo trousersModel,"http://lp2.hm.com/hmgoepprod?set=source[/60/08/6008356c7ef5b7443914406990923a81ba46e9da.jpg],origin[dam],category[men_trousers_cargo],type[LOOKBOOK],res[m],hmver[1]&call=url[file:/product/style]"
154,Running trousersModel,"http://lp2.hm.com/hmgoepprod?set=source[/c8/f1/c8f16ef1fcd2a08c56ce47af1940464ec407fb4f.jpg],origin[dam],category[men_sport_bottoms],type[DESCRIPTIVESTILLLIFE],res[m],hmver[1]&call=url[file:/product/style]"
155,Suit trousers Slim FitModel,"http://lp2.hm.com/hmgoepprod?set=source[/2c/ce/2cce3d7ba4f338d2e31fb29d4e14d9686c3be86c.jpg],origin[dam],category[men_trousers_dressed],type[LOOKBOOK],res[m],hmver[1]&call=url[file:/product/style]"
156,Cargo joggers Slim FitModel,"http://lp2.hm.com/hmgoepprod?set=source[/0a/76/0a76250d373f3584d4f5093462333055bfc62140.jpg],origin[dam],category[men_trousers_cargo],type[LOOKBOOK],res[m],hmver[1]&call=url[file:/product/style]"
157,Suit trousers Skinny FitModel,"http://lp2.hm.com/hmgoepprod?set=source[/1f/b6/1fb617bc5a9f7b6e08bea550fda5304709f4f48e.jpg],origin[dam],category[men_blazerssuits_trousers],type[LOOKBOOK],res[m],hmver[1]&call=url[file:/product/style]"
158,Twill trousers Skinny FitModel,"http://lp2.hm.com/hmgoepprod?set=source[/e7/1d/e71d8b291ec337093377dc41b716a95f3d6bc76e.jpg],origin[dam],category[men_trousers_trousers_skinny_all],type[DESCRIPTIVESTILLLIFE],res[m],hmver[2]&call=url[file:/product/style]"
159,Track pantsModel,"http://lp2.hm.com/hmgoepprod?set=source[/77/38/77382e8b1cdf0905761f97c6388ac2c844b29669.jpg],origin[dam],category[men_sport_bottoms],type[DESCRIPTIVESTILLLIFE],res[m],hmver[1]&call=url[file:/product/style]"
160,Joggers with side stripesModel,"http://lp2.hm.com/hmgoepprod?set=source[/bd/b2/bdb2b19583a8fccde247d2bd35570ade59f3e9e4.jpg],origin[dam],category[men_trousers_joggers],type[LOOKBOOK],res[m],hmver[1]&call=url[file:/product/style]"
161,Joggers Slim FitModel,"http://lp2.hm.com/hmgoepprod?set=source[/ef/13/ef1301cc2335e6f7a92cd9ac958e924f06f6b1e4.jpg],origin[dam],category[men_trousers_joggers],type[DESCRIPTIVESTILLLIFE],res[m],hmver[1]&call=url[file:/product/style]"
162,Suit trousers Slim FitModel,"http://lp2.hm.com/hmgoepprod?set=source[/3e/5e/3e5e500c7878fa3d06ade9a09f6630a1d033d2e2.jpg],origin[dam],category[men_blazerssuits_trousers],type[LOOKBOOK],res[m],hmver[1]&call=url[file:/product/style]"
163,Wool suit trousers Slim FitModel,"http://lp2.hm.com/hmgoepprod?set=source[/15/cd/15cd0f5bcd1fd1ad3e72cfa932f4b1c8bc44c5ad.jpg],origin[dam],category[men_blazerssuits_trousers],type[DESCRIPTIVESTILLLIFE],res[m],hmver[1]&call=url[file:/product/style]"
164,Twill trousers Skinny FitModel,"http://lp2.hm.com/hmgoepprod?set=source[/04/a1/04a122d554b2b7a706e38bc97e54c9b0711184f3.jpg],origin[dam],category[men_trousers],type[LOOKBOOK],res[m],hmver[1]&call=url[file:/product/style]"
165,Cargo trousers Slim FitModel,"http://lp2.hm.com/hmgoepprod?set=source[/29/5b/295b399e5777409792d52b460d6082cafa6628c3.jpg],origin[dam],category[men_trousers_cargo],type[DESCRIPTIVESTILLLIFE],res[m],hmver[1]&call=url[file:/product/style]"
166,Cotton twill joggersModel,"http://lp2.hm.com/hmgoepprod?set=source[/72/5c/725c46af8ca78f4bbfd9fba22b9814d6925b4b79.jpg],origin[dam],category[men_trousers_joggers],type[DESCRIPTIVESTILLLIFE],res[m],hmver[1]&call=url[file:/product/style]"
167,Suit trousers Skinny FitModel,"http://lp2.hm.com/hmgoepprod?set=source[/53/dd/53dde4bfd754b95d17e2c519a423c320e43bec94.jpg],origin[dam],category[men_blazerssuits_trousers],type[DESCRIPTIVESTILLLIFE],res[m],hmver[1]&call=url[file:/product/style]"
168,Suit trousers Skinny FitModel,"http://lp2.hm.com/hmgoepprod?set=source[/1e/3c/1e3c6db0032d7216210e5f496fdb0a79bbee4b39.jpg],origin[dam],category[men_blazerssuits_trousers],type[LOOKBOOK],res[m],hmver[1]&call=url[file:/product/style]"
169,Joggers with side stripesModel,"http://lp2.hm.com/hmgoepprod?set=source[/2f/63/2f63a8535717f8a6b8a4ba170efb262f09a7d11d.jpg],origin[dam],category[men_trousers_joggers],type[DESCRIPTIVESTILLLIFE],res[m],hmver[1]&call=url[file:/product/style]"
170,Suit trousers Slim FitModel,"http://lp2.hm.com/hmgoepprod?set=source[/99/40/9940a321073d01a460c8a7deec88cea1b426f8d5.jpg],origin[dam],category[men_blazerssuits_trousers],type[LOOKBOOK],res[m],hmver[1]&call=url[file:/product/style]"
171,Cotton chinos Slim FitModel,"http://lp2.hm.com/hmgoepprod?set=source[/be/3d/be3d966d0d6ac68b4e61953fc18f7b68f1fd2d0f.jpg],origin[dam],category[men_trousers_chinos_slim_all],type[DESCRIPTIVESTILLLIFE],res[m],hmver[1]&call=url[file:/product/style]"
172,Suit trousers Slim FitModel,"http://lp2.hm.com/hmgoepprod?set=source[/15/45/1545083741060d93134e16bcb3310e669074d75a.jpg],origin[dam],category[men_blazerssuits_trousers],type[LOOKBOOK],res[m],hmver[1]&call=url[file:/product/style]"
173,Wool-blend trousers Slim FitModel,"http://lp2.hm.com/hmgoepprod?set=source[/09/f6/09f649a71a00f08e297f6af6430c5d158f9d254e.jpg],origin[dam],category[men_blazerssuits_trousers],type[LOOKBOOK],res[m],hmver[1]&call=url[file:/product/style]"
174,Suit trousers Skinny FitModel,"http://lp2.hm.com/hmgoepprod?set=source[/de/2a/de2afe4a86f179e344218e95e2975e165bfbdb42.jpg],origin[dam],category[men_trousers_dressed],type[DESCRIPTIVESTILLLIFE],res[m],hmver[1]&call=url[file:/product/style]"
175,JoggersModel,"http://lp2.hm.com/hmgoepprod?set=source[/98/6c/986ce41b773bb70de2db6a8bab1c70c62aae19c1.jpg],origin[dam],category[men_trousers_joggers],type[DESCRIPTIVESTILLLIFE],res[m],hmver[1]&call=url[file:/product/style]"
176,Sweatpants Slim FitModel,"http://lp2.hm.com/hmgoepprod?set=source[/d0/22/d022a67ef18058c4af87c00bd127c515c3d21a98.jpg],origin[dam],category[men_trousers_joggers],type[DESCRIPTIVESTILLLIFE],res[m],hmver[1]&call=url[file:/product/style]"
177,Suit trousers Skinny FitModel,"http://lp2.hm.com/hmgoepprod?set=source[/cf/05/cf05ed1f0fb7fecabda558d5481ff36f09d27d8f.jpg],origin[dam],category[men_blazerssuits_trousers],type[LOOKBOOK],res[m],hmver[1]&call=url[file:/product/style]"
178,Suit trousers Super Skinny FitModel,"http://lp2.hm.com/hmgoepprod?set=source[/43/0c/430cb369edcfa70b3c604f20e210953b2018352c.jpg],origin[dam],category[men_trousers_trousers_skinny_all],type[DESCRIPTIVESTILLLIFE],res[m],hmver[1]&call=url[file:/product/style]"
179,Suit trousers Skinny FitModel,"http://lp2.hm.com/hmgoepprod?set=source[/94/0f/940faeeeb0e287b92e8d9e5774a5cbfd8e067354.jpg],origin[dam],category[men_blazerssuits_trousers],type[LOOKBOOK],res[m],hmver[1]&call=url[file:/product/style]"
180,Cropped chinos Slim FitModel,"http://lp2.hm.com/hmgoepprod?set=source[/21/0c/210c3252dce0299a0412fca9ecd5e164c458d2b1.jpg],origin[dam],category[men_trousers_chinos_slim_all],type[LOOKBOOK],res[m],hmver[1]&call=url[file:/product/style]"
181,Linen-blend trousersModel,"http://lp2.hm.com/hmgoepprod?set=source[/94/68/94688cb1929275ca2708e3f1d69e4db30c55c934.jpg],origin[dam],category[men_trousers],type[LOOKBOOK],res[m],hmver[1]&call=url[file:/product/style]"
182,Wool-blend trousers Slim FitModel,"http://lp2.hm.com/hmgoepprod?set=source[/3d/85/3d85b3cf69bb4d0a833acf89f739ee4d9340a930.jpg],origin[dam],category[men_blazerssuits_trousers],type[LOOKBOOK],res[m],hmver[1]&call=url[file:/product/style]"
183,Wool suit trousers Slim FitModel,"http://lp2.hm.com/hmgoepprod?set=source[/c3/77/c3775d9e7a378aa81d24c06bef6f3607d59171c6.jpg],origin[dam],category[men_blazerssuits_trousers],type[DESCRIPTIVESTILLLIFE],res[m],hmver[1]&call=url[file:/product/style]"
184,Patterned suitModel,"http://lp2.hm.com/hmgoepprod?set=source[/0d/b4/0db472a09daab4a2d874670ecacb4c5d58f7259e.jpg],origin[dam],category[men_blazerssuits_blazers],type[DESCRIPTIVESTILLLIFE],res[m],hmver[2]&call=url[file:/product/style]"
185,Imitation leather trousersModel,"http://lp2.hm.com/hmgoepprod?set=source[/6c/84/6c84666374626f7e883b8e922e7e97293c11ee93.jpg],origin[dam],category[men_trousers],type[DESCRIPTIVESTILLLIFE],res[m],hmver[1]&call=url[file:/product/style]"
186,Wool suit trousers Slim FitModel,"http://lp2.hm.com/hmgoepprod?set=source[/52/46/524693506df1e7d4c2170e2f19b7c6f286a303ae.jpg],origin[dam],category[men_blazerssuits_trousers],type[DESCRIPTIVESTILLLIFE],res[m],hmver[1]&call=url[file:/product/style]"
187,Relaxed Tapered Pull-On JeansModel,"http://lp2.hm.com/hmgoepprod?set=source[/13/00/1300e94948094796a057858b62c07a4a8e822c77.jpg],origin[dam],category[men_jeans],type[LOOKBOOK],res[m],hmver[1]&call=url[file:/product/style]"
188,Slim Straight Cropped JeansModel,"http://lp2.hm.com/hmgoepprod?set=source[/f7/9b/f79bc8b1bcaf0d13f4da160610197f78fd2b9ca0.jpg],origin[dam],category[men_jeans_slimstraight],type[LOOKBOOK],res[m],hmver[1]&call=url[file:/product/style]"
189,Skinny Cropped JeansModel,"http://lp2.hm.com/hmgoepprod?set=source[/4f/f5/4ff500377c7f8bd8036190fa62b0af5797529494.jpg],origin[dam],category[men_jeans_skinny],type[LOOKBOOK],res[m],hmver[1]&call=url[file:/product/style]"
190,Skinny Cropped JeansModel,"http://lp2.hm.com/hmgoepprod?set=source[/de/d9/ded924d1d662c72fea26f22ef622b7b3eb89ed2a.jpg],origin[dam],category[men_jeans_skinny],type[LOOKBOOK],res[m],hmver[1]&call=url[file:/product/style]"
191,Slim Straight Cropped JeansModel,"http://lp2.hm.com/hmgoepprod?set=source[/53/3c/533c8266183ffd8a623fa27895e36872d937c911.jpg],origin[dam],category[men_jeans_slimstraight],type[DESCRIPTIVESTILLLIFE],res[m],hmver[1]&call=url[file:/product/style]"
192,Skinny JeansModel,"http://lp2.hm.com/hmgoepprod?set=source[/39/03/3903676f4703d85bf4c8dfe1fd656c83af99eace.jpg],origin[dam],category[men_jeans_skinny],type[LOOKBOOK],res[m],hmver[1]&call=url[file:/product/style]"
193,Slim JeansModel,"http://lp2.hm.com/hmgoepprod?set=source[/2e/21/2e21dfb6ba5a1441f02e2586568d99392ba3bbe1.jpg],origin[dam],category[men_jeans_slim],type[LOOKBOOK],res[m],hmver[1]&call=url[file:/product/style]"
194,Slim JeansModel,"http://lp2.hm.com/hmgoepprod?set=source[/00/2e/002ea1add72bfc7e96bd9fc869a76f7ed31f8ff7.jpg],origin[dam],category[men_jeans_slim],type[LOOKBOOK],res[m],hmver[1]&call=url[file:/product/style]"
195,Slim JeansModel,"http://lp2.hm.com/hmgoepprod?set=source[/18/b9/18b98faa1943e358a6e6ec20fbd69faf0ce8b774.jpg],origin[dam],category[men_jeans_slim],type[LOOKBOOK],res[m],hmver[1]&call=url[file:/product/style]"
196,Slim JeansModel,"http://lp2.hm.com/hmgoepprod?set=source[/d5/32/d5321f085257b7ff086956c557b9bac83ab3a4c4.jpg],origin[dam],category[men_jeans_slim],type[LOOKBOOK],res[m],hmver[1]&call=url[file:/product/style]"
197,Slim JeansModel,"http://lp2.hm.com/hmgoepprod?set=source[/db/11/db11886e963b0f6091689c4790af028a67837c84.jpg],origin[dam],category[men_jeans_slim],type[LOOKBOOK],res[m],hmver[1]&call=url[file:/product/style]"
198,Skinny JeansModel,"http://lp2.hm.com/hmgoepprod?set=source[/60/f6/60f6193b8ec95160a8b8f7a2a600896be00935d0.jpg],origin[dam],category[men_jeans_skinny],type[LOOKBOOK],res[m],hmver[1]&call=url[file:/product/style]"
199,Skinny JeansModel,"http://lp2.hm.com/hmgoepprod?set=source[/ae/2c/ae2cd04ad42ff56aff3412ed61d9a1b02b12f833.jpg],origin[dam],category[men_jeans_skinny],type[LOOKBOOK],res[m],hmver[1]&call=url[file:/product/style]"
200,Skinny JeansModel,"http://lp2.hm.com/hmgoepprod?set=source[/02/2c/022c59345850b8f57cba91bc92455f2dacf234c1.jpg],origin[dam],category[men_jeans_skinny],type[LOOKBOOK],res[m],hmver[1]&call=url[file:/product/style]"
201,Skinny JeansModel,"http://lp2.hm.com/hmgoepprod?set=source[/c6/80/c680ba764227cebf3a44929f171558672d31058f.jpg],origin[dam],category[men_jeans_skinny],type[DESCRIPTIVESTILLLIFE],res[m],hmver[1]&call=url[file:/product/style]"
202,Freefit® Slim JeansModel,"http://lp2.hm.com/hmgoepprod?set=source[/e4/65/e46535cde98322c2a90c865bf63ec22de2c7cc4e.jpg],origin[dam],category[men_jeans_slim],type[DESCRIPTIVESTILLLIFE],res[m],hmver[1]&call=url[file:/product/style]"
203,Slim JeansModel,"http://lp2.hm.com/hmgoepprod?set=source[/43/bb/43bbb7b8f5d7306c7e4051b38a45af229f9eed1d.jpg],origin[dam],category[men_jeans_slim],type[LOOKBOOK],res[m],hmver[1]&call=url[file:/product/style]"
204,Slim JeansModel,"http://lp2.hm.com/hmgoepprod?set=source[/9d/9c/9d9cfbd791593c3b0f2e47570a4b82908ea6e8f1.jpg],origin[dam],category[men_jeans_slim],type[LOOKBOOK],res[m],hmver[1]&call=url[file:/product/style]"
205,Slim JeansModel,"http://lp2.hm.com/hmgoepprod?set=source[/23/7d/237d7d67527ecee58daa826857eeb7638a5ace81.jpg],origin[dam],category[men_jeans_slim],type[LOOKBOOK],res[m],hmver[1]&call=url[file:/product/style]"
206,Freefit® Slim JeansModel,"http://lp2.hm.com/hmgoepprod?set=source[/40/cf/40cf42a76cf1f0ee44baa98d75acc836ef9d85d5.jpg],origin[dam],category[men_jeans_slim],type[DESCRIPTIVESTILLLIFE],res[m],hmver[1]&call=url[file:/product/style]"
207,Skinny JeansModel,"http://lp2.hm.com/hmgoepprod?set=source[/39/42/3942d6903a120786aa9c5e5c61f3bcea8cac3040.jpg],origin[dam],category[men_jeans_skinny],type[LOOKBOOK],res[m],hmver[1]&call=url[file:/product/style]"
208,Freefit® Slim JeansModel,"http://lp2.hm.com/hmgoepprod?set=source[/35/7a/357acabe841314629238b795bb488b1f012be7d5.jpg],origin[dam],category[men_jeans_slim],type[DESCRIPTIVESTILLLIFE],res[m],hmver[1]&call=url[file:/product/style]"
209,Freefit® Slim JeansModel,"http://lp2.hm.com/hmgoepprod?set=source[/14/87/148704e20ca35b4d46c9c11b30008813e6979342.jpg],origin[dam],category[men_jeans_slim],type[DESCRIPTIVESTILLLIFE],res[m],hmver[1]&call=url[file:/product/style]"
210,Slim Straight Cropped JeansModel,"http://lp2.hm.com/hmgoepprod?set=source[/4b/93/4b93ab8fae7ef070214d4b308f6edd2025c6b189.jpg],origin[dam],category[men_jeans_slim],type[LOOKBOOK],res[m],hmver[1]&call=url[file:/product/style]"
211,Skinny Jeans with a chainModel,"http://lp2.hm.com/hmgoepprod?set=source[/b9/7c/b97c502e3ff6e4625ac9d9d7ea1b43c05b823388.jpg],origin[dam],category[men_jeans_skinny],type[LOOKBOOK],res[m],hmver[1]&call=url[file:/product/style]"
212,Slim Straight Cropped JeansModel,"http://lp2.hm.com/hmgoepprod?set=source[/38/de/38de9a422ed88a10cd2aec75f038b2af6d9eec08.jpg],origin[dam],category[men_jeans_slim],type[LOOKBOOK],res[m],hmver[1]&call=url[file:/product/style]"
213,Slim Straight Cropped JeansModel,"http://lp2.hm.com/hmgoepprod?set=source[/eb/c6/ebc66f8e415bc7acdac4e859b3ca0e7a64c5d475.jpg],origin[dam],category[men_jeans_slim],type[LOOKBOOK],res[m],hmver[1]&call=url[file:/product/style]"
214,Skinny Jeans with a chainModel,"http://lp2.hm.com/hmgoepprod?set=source[/98/cc/98cc7d6751b37abdc97b894f696311898e9bc1cc.jpg],origin[dam],category[men_jeans_skinny],type[LOOKBOOK],res[m],hmver[1]&call=url[file:/product/style]"
215,Slim Straight Cropped JeansModel,"http://lp2.hm.com/hmgoepprod?set=source[/66/fc/66fcbc791bbb6e2b8797ee783c63cd5a67768940.jpg],origin[dam],category[men_jeans_slim],type[LOOKBOOK],res[m],hmver[1]&call=url[file:/product/style]"
216,Slim Straight Cropped JeansModel,"http://lp2.hm.com/hmgoepprod?set=source[/43/99/439971426625b028b7bb354b6cf9c50c27eab438.jpg],origin[dam],category[men_jeans_slim],type[LOOKBOOK],res[m],hmver[1]&call=url[file:/product/style]"
217,Regular JeansModel,"http://lp2.hm.com/hmgoepprod?set=source[/80/d7/80d70f2d784780bafd220969a58944de42d34f63.jpg],origin[dam],category[men_jeans],type[LOOKBOOK],res[m],hmver[1]&call=url[file:/product/style]"
218,Slim Super Soft JeansModel,"http://lp2.hm.com/hmgoepprod?set=source[/a1/6a/a16a12c04abbc59a46baa83801bc7a0147f83898.jpg],origin[dam],category[men_jeans_slim],type[DESCRIPTIVESTILLLIFE],res[m],hmver[1]&call=url[file:/product/style]"
219,Skinny JeansModel,"http://lp2.hm.com/hmgoepprod?set=source[/f1/4f/f14ff8a85ee89c6895695b312a7981e27f518e29.jpg],origin[dam],category[men_jeans_skinny],type[LOOKBOOK],res[m],hmver[1]&call=url[file:/product/style]"
220,Skinny No Fade Black JeansModel,"http://lp2.hm.com/hmgoepprod?set=source[/6c/12/6c12291f6c5abe42c9af5a9a4de19a4e8c994ae2.jpg],origin[dam],category[men_jeans_skinny],type[LOOKBOOK],res[m],hmver[1]&call=url[file:/product/style]"
221,Slim Straight JeansModel,"http://lp2.hm.com/hmgoepprod?set=source[/2b/e9/2be9e0613b362e654ceb7aa34cee2f9e3fd7e639.jpg],origin[dam],category[men_jeans_straight],type[DESCRIPTIVESTILLLIFE],res[m],hmver[1]&call=url[file:/product/style]"
222,Slim JeansModel,"http://lp2.hm.com/hmgoepprod?set=source[/13/b2/13b29a2076a34076229816586d58686052ba08cd.jpg],origin[dam],category[men_jeans_slim],type[DESCRIPTIVESTILLLIFE],res[m],hmver[1]&call=url[file:/product/style]"
223,Skinny JeansModel,"http://lp2.hm.com/hmgoepprod?set=source[/54/a6/54a608fac03b57adeace146952fbfa9712792a1e.jpg],origin[dam],category[men_jeans_skinny],type[LOOKBOOK],res[m],hmver[1]&call=url[file:/product/style]"
224,Freefit® Skinny JeansModel,"http://lp2.hm.com/hmgoepprod?set=source[/23/f3/23f3eb12014cb78082e17b4035460fd0732f5b1f.jpg],origin[dam],category[men_jeans_skinny],type[LOOKBOOK],res[m],hmver[1]&call=url[file:/product/style]"
225,Slim JeansModel,"http://lp2.hm.com/hmgoepprod?set=source[/05/1b/051b1dfe18df6118be655ea73590e81b04fdfefd.jpg],origin[dam],category[men_jeans_slim],type[DESCRIPTIVESTILLLIFE],res[m],hmver[2]&call=url[file:/product/style]"
226,Slim JeansModel,"http://lp2.hm.com/hmgoepprod?set=source[/5d/d7/5dd78aa8140e4444f7975bae0e7d1b1fa0e4927d.jpg],origin[dam],category[men_jeans_slim],type[DESCRIPTIVESTILLLIFE],res[m],hmver[1]&call=url[file:/product/style]"
227,Slim JeansModel,"http://lp2.hm.com/hmgoepprod?set=source[/36/49/3649b9506787743b7d4b0e5f8014d13946bf3632.jpg],origin[dam],category[men_jeans_slim],type[DESCRIPTIVESTILLLIFE],res[m],hmver[2]&call=url[file:/product/style]"
228,Regular JeansModel,"http://lp2.hm.com/hmgoepprod?set=source[/ba/c0/bac0de2040db984deef010b8b62da9fae9195bbe.jpg],origin[dam],category[men_jeans],type[LOOKBOOK],res[m],hmver[1]&call=url[file:/product/style]"
229,Skinny JeansModel,"http://lp2.hm.com/hmgoepprod?set=source[/9f/ec/9fecf1b34faa610d3be91f64822e99df84618cb4.jpg],origin[dam],category[men_jeans_skinny],type[DESCRIPTIVESTILLLIFE],res[m],hmver[1]&call=url[file:/product/style]"
230,Freefit® Skinny JeansModel,"http://lp2.hm.com/hmgoepprod?set=source[/12/64/1264be2ecb8bf130af22fbaabb4dca0ef748905b.jpg],origin[dam],category[men_jeans_skinny],type[DESCRIPTIVESTILLLIFE],res[m],hmver[1]&call=url[file:/product/style]"
231,Freefit® Skinny JeansModel,"http://lp2.hm.com/hmgoepprod?set=source[/a2/49/a2499b404719bd507fbc1f1d5235834d0b130a2a.jpg],origin[dam],category[men_jeans_skinny],type[DESCRIPTIVESTILLLIFE],res[m],hmver[1]&call=url[file:/product/style]"
232,Skinny JeansModel,"http://lp2.hm.com/hmgoepprod?set=source[/54/14/5414744a81a2b74e27f85ffeaab658482729bca8.jpg],origin[dam],category[men_jeans_skinny],type[DESCRIPTIVESTILLLIFE],res[m],hmver[1]&call=url[file:/product/style]"
233,Skinny JeansModel,"http://lp2.hm.com/hmgoepprod?set=source[/a4/c1/a4c1ad2ad9ad8ff031cf5a033aabee92c7f1551d.jpg],origin[dam],category[men_jeans_skinny],type[DESCRIPTIVESTILLLIFE],res[m],hmver[1]&call=url[file:/product/style]"
234,Skinny JeansModel,"http://lp2.hm.com/hmgoepprod?set=source[/5f/fb/5ffb4b755a0547abb6e79e817b84e501350e0f73.jpg],origin[dam],category[men_jeans_skinny],type[DESCRIPTIVESTILLLIFE],res[m],hmver[1]&call=url[file:/product/style]"
235,Skinny Biker JeansModel,"http://lp2.hm.com/hmgoepprod?set=source[/11/24/112402c978543c2c5cdc419092d7f683f4652b6d.jpg],origin[dam],category[men_jeans_skinny],type[LOOKBOOK],res[m],hmver[1]&call=url[file:/product/style]"
236,Slim Straight JeansModel,"http://lp2.hm.com/hmgoepprod?set=source[/fd/e8/fde8d2e19ac0264d9ba726fb34aba12c4880101e.jpg],origin[dam],category[men_jeans_slim],type[LOOKBOOK],res[m],hmver[1]&call=url[file:/product/style]"
237,Tapered JeansModel,"http://lp2.hm.com/hmgoepprod?set=source[/1f/d3/1fd3dd41d90c33b14ceef43fc06b47cdf0628bc7.jpg],origin[dam],category[men_jeans_loose],type[LOOKBOOK],res[m],hmver[1]&call=url[file:/product/style]"
238,Slim Straight JeansModel,"http://lp2.hm.com/hmgoepprod?set=source[/09/7e/097e7e8bd001b9cb098050dbd90d09801792576f.jpg],origin[dam],category[men_jeans_slim],type[DESCRIPTIVESTILLLIFE],res[m],hmver[1]&call=url[file:/product/style]"
239,Relaxed Tapered JeansModel,"http://lp2.hm.com/hmgoepprod?set=source[/b7/37/b737d8feb6b8b724f97fdf2e6a6e9590fb277906.jpg],origin[dam],category[men_jeans_tapered],type[LOOKBOOK],res[m],hmver[1]&call=url[file:/product/style]"
240,Skinny JeansModel,"http://lp2.hm.com/hmgoepprod?set=source[/bf/b4/bfb48ea70d7fcf18d822108cbe92b1edeb179bc5.jpg],origin[dam],category[men_jeans_skinny],type[DESCRIPTIVESTILLLIFE],res[m],hmver[1]&call=url[file:/product/style]"
241,Skinny JeansModel,"http://lp2.hm.com/hmgoepprod?set=source[/68/75/687595c057084b01b98cee888f0aa94ed4348283.jpg],origin[dam],category[men_jeans_skinny],type[LOOKBOOK],res[m],hmver[1]&call=url[file:/product/style]"
242,Freefit® Slim JeansModel,"http://lp2.hm.com/hmgoepprod?set=source[/36/0f/360fe47997f015238489f6cef7ef70c6dac4db5f.jpg],origin[dam],category[men_jeans_slim],type[LOOKBOOK],res[m],hmver[1]&call=url[file:/product/style]"
243,Skinny JeansModel,"http://lp2.hm.com/hmgoepprod?set=source[/4b/f0/4bf07880f0ac43830f6e3f240988b2cad8d55989.jpg],origin[dam],category[men_jeans_skinny],type[DESCRIPTIVESTILLLIFE],res[m],hmver[1]&call=url[file:/product/style]"
244,Straight JeansModel,"http://lp2.hm.com/hmgoepprod?set=source[/34/8a/348abbab8ea947af8ba96a56f342e7df1c788fcd.jpg],origin[dam],category[men_jeans_straight],type[DESCRIPTIVESTILLLIFE],res[m],hmver[1]&call=url[file:/product/style]"
245,Regular JeansModel,"http://lp2.hm.com/hmgoepprod?set=source[/69/f2/69f2b31b7b3c767eb942a1e30bad91e9aa596ec4.jpg],origin[dam],category[men_jeans],type[LOOKBOOK],res[m],hmver[1]&call=url[file:/product/style]"
246,Regular JeansModel,"http://lp2.hm.com/hmgoepprod?set=source[/23/ae/23ae5b78e1aae1c80e6a43d302518ee0412f5aa6.jpg],origin[dam],category[men_jeans],type[LOOKBOOK],res[m],hmver[1]&call=url[file:/product/style]"
247,Regular JeansModel,"http://lp2.hm.com/hmgoepprod?set=source[/5a/93/5a9331aa704f4bb1bd67f864acb07f13a0623b78.jpg],origin[dam],category[men_jeans_straight],type[LOOKBOOK],res[m],hmver[1]&call=url[file:/product/style]"
248,Slim Straight Cropped JeansModel,"http://lp2.hm.com/hmgoepprod?set=source[/06/dc/06dc5e366f3d4cf3fee09c3846de801bbf0f7209.jpg],origin[dam],category[men_jeans_slimstraight],type[DESCRIPTIVESTILLLIFE],res[m],hmver[1]&call=url[file:/product/style]"
249,Relaxed Tapered JeansModel,"http://lp2.hm.com/hmgoepprod?set=source[/58/21/58211572f2376d3908f38cf6c40c7995c5196dc4.jpg],origin[dam],category[men_jeans_tapered],type[LOOKBOOK],res[m],hmver[1]&call=url[file:/product/style]"
250,Freefit® Slim JeansModel,"http://lp2.hm.com/hmgoepprod?set=source[/eb/89/eb89157aa4faad8f660da466e0a7668a1a08239f.jpg],origin[dam],category[men_jeans_slim],type[DESCRIPTIVESTILLLIFE],res[m],hmver[1]&call=url[file:/product/style]"
251,Tapered JeansModel,"http://lp2.hm.com/hmgoepprod?set=source[/51/e2/51e2b8badc3b3c00407c1453e5c43aed4d79e98f.jpg],origin[dam],category[men_jeans_loose],type[LOOKBOOK],res[m],hmver[1]&call=url[file:/product/style]"
252,Slim JeansModel,"http://lp2.hm.com/hmgoepprod?set=source[/62/60/6260fd2ac92504351997f5148dacc4341bd2b905.jpg],origin[dam],category[men_jeans_slim],type[DESCRIPTIVESTILLLIFE],res[m],hmver[1]&call=url[file:/product/style]"
253,Tapered JeansModel,"http://lp2.hm.com/hmgoepprod?set=source[/66/ba/66ba0b38869817c5ea0abb5166af6bc55e708bc6.jpg],origin[dam],category[men_jeans_loose],type[LOOKBOOK],res[m],hmver[1]&call=url[file:/product/style]"
254,Skinny JeansModel,"http://lp2.hm.com/hmgoepprod?set=source[/52/6f/526fe1ea8b0eab124338e3c5d11465c2fb6d3c82.jpg],origin[dam],category[men_jeans_skinny],type[DESCRIPTIVESTILLLIFE],res[m],hmver[1]&call=url[file:/product/style]"
255,Slim JeansModel,"http://lp2.hm.com/hmgoepprod?set=source[/51/29/51294e746145ef229e8ae0b30090841fb9c97363.jpg],origin[dam],category[men_jeans_slim],type[DESCRIPTIVESTILLLIFE],res[m],hmver[1]&call=url[file:/product/style]"
256,Skinny JeansModel,"http://lp2.hm.com/hmgoepprod?set=source[/8b/20/8b20041c1040f494eebecfa788831d71845f1ad6.jpg],origin[dam],category[men_jeans_skinny],type[LOOKBOOK],res[m],hmver[1]&call=url[file:/product/style]"
257,Skinny JeansModel,"http://lp2.hm.com/hmgoepprod?set=source[/e1/5c/e15c3035490d88f5301428cf4d14da2a999a6a86.jpg],origin[dam],category[men_jeans_skinny],type[LOOKBOOK],res[m],hmver[1]&call=url[file:/product/style]"
258,Skinny JeansModel,"http://lp2.hm.com/hmgoepprod?set=source[/67/c8/67c8b2a99eef5f3541ef8554f0fd999c39743117.jpg],origin[dam],category[men_jeans_skinny],type[DESCRIPTIVESTILLLIFE],res[m],hmver[1]&call=url[file:/product/style]"
259,Freefit® Slim JeansModel,"http://lp2.hm.com/hmgoepprod?set=source[/10/c4/10c46d5268876af4c72b1a7ed27de4a8b228c571.jpg],origin[dam],category[men_jeans_slim],type[LOOKBOOK],res[m],hmver[1]&call=url[file:/product/style]"
260,Slim JeansModel,"http://lp2.hm.com/hmgoepprod?set=source[/fd/51/fd51b90a058cbd6200bcb53fcfaf5aebada24280.jpg],origin[dam],category[men_jeans_skinny],type[LOOKBOOK],res[m],hmver[1]&call=url[file:/product/style]"
261,COOLMAX® Regular JeansModel,"http://lp2.hm.com/hmgoepprod?set=source[/97/27/9727be88ceae1a8fe05f2a1197ea9076efac93c7.jpg],origin[dam],category[men_jeans],type[LOOKBOOK],res[m],hmver[1]&call=url[file:/product/style]"
262,Slim Straight Selvedge JeansModel,"http://lp2.hm.com/hmgoepprod?set=source[/18/6e/186e24c622a786e5be0469f22a42c677d099ca25.jpg],origin[dam],category[men_jeans_slim],type[DESCRIPTIVESTILLLIFE],res[m],hmver[1]&call=url[file:/product/style]"
263,Tapered JeansModel,"http://lp2.hm.com/hmgoepprod?set=source[/0a/7d/0a7d6eb8f229423f9e6b7daa68e8004bb4d2a44e.jpg],origin[dam],category[men_jeans_loose],type[LOOKBOOK],res[m],hmver[1]&call=url[file:/product/style]"
264,Tapered JeansModel,"http://lp2.hm.com/hmgoepprod?set=source[/2e/f4/2ef4c7cc8a201c0b6a1f01b5e684f789b983a872.jpg],origin[dam],category[men_jeans_loose],type[LOOKBOOK],res[m],hmver[1]&call=url[file:/product/style]"
265,Skinny JeansModel,"http://lp2.hm.com/hmgoepprod?set=source[/15/8b/158be2c548257c06af003f176ca9289ab3c6a222.jpg],origin[dam],category[men_jeans_skinny],type[DESCRIPTIVESTILLLIFE],res[m],hmver[1]&call=url[file:/product/style]"
266,Slim Cropped Selvedge JeansModel,"http://lp2.hm.com/hmgoepprod?set=source[/32/1c/321c05237d48419d36abd008b53750c69c614ec1.jpg],origin[dam],category[men_jeans_slim],type[LOOKBOOK],res[m],hmver[1]&call=url[file:/product/style]"
267,Slim Straight Comfort JeansModel,"http://lp2.hm.com/hmgoepprod?set=source[/f6/a6/f6a65af25bd6c371941266e5e03aef5bca71be8e.jpg],origin[dam],category[men_jeans_slimstraight],type[DESCRIPTIVESTILLLIFE],res[m],hmver[1]&call=url[file:/product/style]"